achievedComputation;pidOutput;desiredComputation
0.408878
2.22909
2.83396
3.02242
2.41771
2.8877
