achievedComputation;pidOutput;desiredComputation
0.26343
1.13397
1.5305
1.67371
1.41108
1.59238
1.60847
1.48075
1.29669
3.69335
1.73587
1.79328
1.39841
1.63218
1.57955
1.62409
1.41002
3.74222
1.80525
1.85563
1.36959
